tweets,location,category,latitude,longitude
"  Emotional
Congratulations to me 

    ","Irving, TX",positive,32.8295183,-96.9442177
Captain's knock by  .well played  .Huge win at right tym.  ,"Hyderabad, India",positive,17.3886068,78.4608095675926
"   
 
WHO WILL WIN TODAY MATCH 
DHONI VS ROHIT 
VOTE FAST 
LIKE &amp; RETWEET&amp;SHARE 
  
","Spokane, WA",positive,47.6579425,-117.4212265
  (Who Will Win Rajasthan Royals vs Sunrisers Hyderabad 28th T20 Today Match Prediction) has been published on Matches Pr,"Islamabad, Pakistan",positive,33.6938118,73.0651511
  Well played captain  Much needed win for  I assume they have got the momentum back.  ,"Tamil Nadu, India",positive,10.9094334,78.3665347
"Osm inning!
Nice timing!!
&amp; Just a simple clicking in this moments... 
my team is lost today but I'm not unhappy bcoz my team is no.1 team in IPL history always...
My team is comeback once again.


 
 
 ","Sasaram , India",positive,24.9509656,84.0148733
" Sir your a Super common theatre. Miss you sir in ipl bt  commentator dak kar bhaat accha lega .Irfan sir you are a best commentator in    

     
Sir bt next saal apko cricket ground main dakhna chahta hu","Kolkata, India",positive,22.5677459,88.3476023
" No ,, you are not against Kohli but you want that CSK win  ??
Am I wrong..??",India,positive,22.3511148,78.6677428
The BIG MAN surely made the most significant contribution today! Taking one for the TEAM.         ,Mumbai.,positive,19.1334321,72.8882172
" win by 8 wickets against CSK 

Rohit's sharma's MI smashed Dhoni's CSK in Pune 

Congratulations MI 

Picture Courtesy - BCCI 
           ",Following Team India Worldwide,positive,NA,NA
"Just a matter of fact, Rohit has scored his second consecutive fifty at Pune batting for  ,he loves this ground for sure, brilliant from him !!!    ","Mumbai, India",positive,19.1334321,72.8882172
"  Hulk : MI
Spider : CSK 

   ","Vishakhapatnam, #Venkojipalem ",negative,17.7474987,83.3315133
"  Back at the  to face the  tomorrow. 
Can't wait to be out there in front of the  sea of blue","Navi Mumbai, India",negative,19.0308262,73.0198537
  Dear   It's been a long time we (super fans) have not tasted the taste of IPL trophy. Requesting to dedic,"Robertsganj, India",positive,24.6897879,83.0653136
"Hulk : MI
Spider : CSK 

   ",India/Andhra/Tanuku(Metro),negative,NA,NA
Rohit giving himself the perfect pre-birthday gift  them vital two points.. Well done bru!!    ,"Mumbai, India ",positive,19.1334321,72.8882172
    Well played Mumbai Indians and we'll played Hit Man keep the momentum going,Bangalore,positive,12.9791198,77.5912997
"Loss make you stronger !
    ","Coimbatore, India",positive,11.0018115,76.9628425
And MAN OF THE MATCH Goes To... ROHIT SHARMA           ,Viperville!!!,negative,37.179174,-83.148637
The best post match chat I've heard from  !  ,Mumbai,positive,19.1334321,72.8882172
"History repeats with a better end!
      
","Noida, India",positive,28.5726442,77.3547609
What a win  you are a real gem   .... Go Mumbai    ,"Udaipur, India",positive,24.5787228,73.6862551
   Really you are back and hit like this becz we want a strong team in  ,"Vijayawada, India",positive,16.5087586,80.6185102
What a fantastic  match this is another thriller fantastic batting by our hitman  but I must say poor stuff from  that not give bowl Bravo in death overs. This is one of the best  match. Now time to miracle start in  .,"Ahmadabad City, India",positive,23.0216238,72.5797068
 what these scorers are doing in  Pandya hitted a four to end the game while they are showing just a single ,"Panipat, India",negative,29.3912753,76.9771675
MI survives. Well played.  ,à¤­à¤¾à¤°à¤¤,positive,NA,NA
"We are still here !!
Don't try to forget us
  Forever!!",Urun Islamapur,positive,NA,NA
"  Looking forward to another tough game tonight. 
.
.
.
.
.
.
.
.
.
   ",Chennai ,negative,13.0801721,80.2838331
"What a Match it was... Well Played Mumbai Indians, but still Chennai Super Kings is Best and always gonna be best. xD

      ","Maroda, Bhilai",positive,21.1725944,81.3660014
"  The support and cheers for RCB gets amplified even better when it's in the language of our land. As promised, here's the Kan","Mehdipatnam, Hyderabad",positive,17.3942627,78.4342514
Bottom teams are winning and top teams are losing! 2nd half of  has started! Gonna be interesting from now on!     ,Planet Earth,positive,47.5044752,19.1251107
"IPL Live Score 2018, CSK vs MI in Pune: Rohit Takes MI Closer to Victory.

Follow us on more updates :




       ","New Delhi, India",negative,28.6141793,77.2022662
"   and  are enjoying  match to the fullest! 

 ","Lahore, Pakistan",positive,31.5195822,74.326297
Win or loss we always support our team  ... congrats Mumbai this was much needed win for them..want Mumbai also in top four for tough competition..   ,"Madhya Pradesh, INDIA",positive,23.8143419,77.5340719
What a relief      ,mumbai.,positive,19.1334321,72.8882172
"Lasting Couch : That Special Blue Couch for Ambani's Kids at the boundary, which lasts for entire  !
 
 
",Bengaluru,positive,12.9791198,77.5912997
Mumbai finally get another win.   ,Sydney,positive,-33.8548157,151.2164539
 won their crucial match against  by 8 Wickets as this win will keep their and also their Fans hopes alive to Qualify for the Playoffs..       ,"Kaithal, India",positive,29.7996588,76.3989903
For me 19th over to be bowled by     ,"Sri Kalahasti, India",negative,13.7518033,79.7002288
Sharma Ji On Fire..   ,New Delhi,negative,28.6141793,77.2022662
Look at those eyes of  wow!!!  Tatz why he is always captain cool thala is always a thala!!  ,Chennai,positive,13.0801721,80.2838331
"  A hamper is the best way to end the night, agree?   ","England, United Kingdom",positive,52.7954791,-0.540240286617432
 Mumbai Indians # win the match by 9 wicket,"Khulna, Bangladesh",positive,22.9372087,89.2852741
Very nice commentry ...U  predict exactly abt batsman shot N also fields  management....that which type ball will he throw ... ..grt job sir ,"Jaipur, India",positive,26.916194,75.820349
Does anyone understand the logic behind fair play award?  at last but why??  captain was fined for slow over rate then why the hell they are on first? Someone please explain how do they decide it?   ,"Jaipur,India",negative,26.916194,75.820349
"  Lewis not able 2 get away against the spinners , building pressure on Surya at the other end ,have 2 start going now othe",Belgium,negative,50.6407351,4.66696
"   and  cant help but cheer for their favourite teams! 

  ",mumbai,negative,19.1334321,72.8882172
"    of CSK  
Maahi way ",Chandigarh,negative,30.7194022,76.7646552
  First win of the season!!  has opened their victory account. Congratulations   ,"Mathura, India",positive,27.4955539,77.6855554
  hit fastest 50 of IPL history in  and  and  said that he is test player ,"Jamnagar, India",negative,22.25,70.0
"Go  
supporting Mumbai Indian today","Bharatpur-19,Chitwan",positive,27.680672,84.430817
It's nice to see  appreciating  fielding.. ,"Bengaluru, India",positive,12.9791198,77.5912997
  And that's how you watch a match in style.     ,"Palam Vihar, Gurgaon",negative,28.5115656,77.0431746837519
Good solid start by Mumbai Indians.     ,"Gurgaon, India",positive,28.48895715,77.0107837846576
30 runs less as was expected..Good chance for     ,Patharkandi: North East India ,positive,NA,NA
 frustration at  shot of 30 runs but now its time to prove with ball believe on   ,Coimbatore,negative,11.0018115,76.9628425
  innings matches with   ,chennai,negative,13.0801721,80.2838331
 I think today's match has good learning of death bowling  to  Indian captain in   out of no anger just a     can you take up rivalry challenge?,"Bangalore, INDIA",negative,12.9791198,77.5912997
" Last over, once again
And the theateics!

 ","Gurgaon, IN",negative,28.48895715,77.0107837846576
.....good hard length   ,Llandaff,negative,51.4941512,-3.2176131
"My new slogan 
  
","Tripura, Agartala",negative,23.8312377,91.2823821
Well done    50!!  ,à®šà¯†à®¨à¯�à®¤à®®à®¿à®´à¯�à®¨à®¾à®Ÿà¯�,positive,NA,NA
Helicoptor shot! Takes OFF    ,Global,negative,43.7283874,-79.34914879325
 will u be thr in pune for  ? Have a parcel to deliver!       cc:  ,"Pune, India",negative,18.5203062,73.8543185
Helicopter just landed   ,"Chennai, India",negative,13.0801721,80.2838331
"  IPL 2018: Today's IPL Match Who is your favorite team?        

Chennai Super Kings vs Mumbai Indians

 ","Ahmedabad, Gujarat, India",positive,23.0216238,72.5797068
  what a crowd puller   either in Ground or in  upto now viewing members were around 3.2M to 3.6M but once  arrived Viewers hip reaching 4.8M to more depends on stroke of     come-on ,"Karnataka, India",positive,14.5203896,75.7223521
"Crease par hai Dil aur Dhadkan.....

 
  and ","Jharkhand, India",negative,23.4559809,85.2557301
"  Anthony, his family and  can't control their smiles and excitement for todays match.

  ","à¤®à¥�à¤‚à¤¬à¤ˆ, à¤­à¤¾à¤°à¤¤",positive,NA,NA
"Some stories never change !

Like constant humiliation of Mumbai Indians in the hands of those whom they release. Rayudu is the new addition.  

  ",Kolkata-India,negative,22.5677459,88.3476023
"That miss hit flick form  shows the purple patch of his career he is going through.


","Dadar West, Mumbai",negative,19.0238887,72.8382236
"  Hey Everyone ,Keep your BP tablets ready right now  . We have a  match.

I request  to display a health adv",10.97Â°N 79.42Â°E,positive,NA,NA
"6 Things Mumbai Indians must do for an IPL 2018 comeback.

Check out: 

           ",HW House,negative,13.1226513,-59.5627204
"Temple Run 2019 iPhone game Released Today 
 

 
















 ","Apple, USA",negative,45.51785495,-122.677526084055
"Hello us to our WhatsApp +91 76759 65234 between 8 PM - 11:59 PM today and get an Amazon Gift Card worth Rs.15/- absolutely FREE.
 Enjoy  match

           ",Online,positive,26.2584665,50.6188318
"   
 I am supporting   ",Raina's heart,positive,NA,NA
"  
 
  
Who will win today?","ALAPPUZHA,KERALA,INDIA",positive,9.46214385,76.2842369263524
Today's Chennai's Predicted Score ?   ,"Rajnandgaon, India",negative,21.0964906,81.029154
"

Who is Will Win Match

  vs  


 

","Surat, India",positive,21.1864607,72.8081281
"  Say cheese for the perfect selfie.

 
  ",Vijayawada,positive,16.5087586,80.6185102
"Yellow Army Vs Blue Soldier's
   ","karaikkudi,Tamil Nadu",negative,10.0696672,78.793967
Get reddy for the match where this  started  What a match on the opening day!!   Now waiting for another thrillar by holding My HeratBeats..       ,"à¤®à¥�à¤‚à¤¬à¥�à¤°à¤¾, à¤¨à¤µà¥€ à¤®à¥�à¤‚à¤¬à¤ˆ",negative,NA,NA
  What change  need the most for today's match  ?       ,"Kerala, India",negative,10.3529588,76.5119752
  Just visited the largest  museum in the world  . An extraordinary collection assembled by the irr,"Khammam, India",negative,17.2465351,80.1500326
"   Keep moving forward one step at a time 
    ","Nasirabad, India",negative,26.297039,74.7369464
"Who will score most Runs for  Tonight ?
  ","Ranchi, Jharkhand",negative,23.3700354,85.3250132
Who Will WIN Today?         ,INDIAN,positive,47.5173378,-53.3013817
There's been 3 weeks of the  and still FOUR WEEKS to go. Are you bored of it or still excited by each match?  ,Cape Town/London,positive,-33.9113558,18.3896313
"Can't wait for today's match 
     ","Kolkata,West Bengal,India",negative,22.5677459,88.3476023
  Though I'm supporting  but the Dilliwala inside me is really happy   ,Aligarh ,positive,27.833333,78.166667
"Match 27:  VS 
Watch on Big Screen at Rude.
Connect to our outlet's Free Wifi to 
.
.
.
             ","Mumbai, Maharashtra",positive,19.1334321,72.8882172
"Back at the  to face the  tomorrow. 
Can't wait to be out there in front of the  sea of blue. 

     ","Bengaluru South, India",negative,-24.8339082,-65.3822399
"According to you Who is the best finisher?

 or  ?

     
         ",Free to Play - Win Prizes!,positive,NA,NA
"  Who will win 

       ",à¤…à¤‚à¤¬à¥‡à¤¡à¤•à¤° à¤¨à¤—à¤° à¤¯à¥‚à¤ªà¥€ ,positive,NA,NA
"Who will win 

       ","Andheri East, Mumbai",positive,19.1158835,72.854202
"  We miss you  ...

Your presence in ground is enough.... 

 

  
",Delhi,negative,28.6517178,77.2219388
" Reacts to  

Available on:
 
 

            ","Chandigarh, India",negative,30.7194022,76.7646552
Big game today    While  will look to continue their winning streak  desperately need a win. Looking forward to an exciting contest. ,"McCluskiegunj, New Town, Kolkata",positive,NA,NA
         Proud and happy moment fo,Worldwide,positive,45.5591381,-122.638103
 today csk win because thats 7th match of csk and everyone knows 7 is favorite number of dhoni        , ,positive,NA,NA
  And the Purple cap   arrives in  thanks to the wonderful efforts of   Yeahhhhh    ,Cybertron/ Delhi (NCR),positive,NA,NA
       Proud and happy moment for us that we Trended in Mumbai that day. Thank you    for having   in Kolkata,Mumbai india,positive,19.1334321,72.8882172
" Don't feel 
Today   Be Happy
 
  
Jai ","à¤šà¥‡à¤¨à¥�à¤¨à¤ˆ, à¤­à¤¾à¤°à¤¤",positive,NA,NA
   ki acting 'Paathshala': This Super Sunday on the  Network   Biopic ,india,positive,22.3511148,78.6677428
" dropped his captainship and  won the match

Rohit sharma should do the same 

","Jodhpur, India",positive,26.2967719,73.0351433
"Looking at the batting condition of  , i think 1 or 2 Lucky spectators of  may get a chance to showcase their batting talent at  .wish you luck to the spectators at pune","Pune,Maharashtra,India",positive,18.5203062,73.8543185
"Finally, Delhi Daredevils back on track, won the match against Kolkata Knight Riders by 55 runs. Shreyas Iyer, the winning captain, was the Man of the Match for his brilliant 40-ball 93.     ",Hamirpur ( H.P. ) India,positive,NA,NA
"  You can overcome any challenge with the right mindset!
     ","Mangalore,India",positive,15.9231076,75.7622963
  Incredible MS Dhoni! The master class continues with another outstanding chase   ,Uttar pradesh (India),positive,27.1303344,80.859666
"  Oh boy, didn't he start his captain career on a big note!

      ","Ariyalur, India",negative,11.1357708,79.0723203
"Beauty of the 

18 year old Prithvi Shaw batting against Mitchell Johnson.

19 year old Shivam Mavi bowling to Colin Munroe.

Would do loads of good for their experience.

",India ,positive,22.3511148,78.6677428
"
BEST v/s BEST
Hit-man vs Finisher-king


8:00pm ist
From Pune  feeling hopeful","Jehanabad, India",positive,25.2113384,84.9873701
"    as  presenting the   award at  between KKR and DD at Delhi 
I hope there was",Pakistan sindh Hyderabad,positive,25.3801017,68.3750376
"Most Run in  
P                    Player Team  M Run HS  50s 100s
1st   6 283     82  2      0
2nd Ab De Villiers     6 280     90* 3      0
3rd KL Rahul            KXIP 7 268      60  2       0
   
   ",Katihar Bihar,negative,25.5433817,87.5690417
"  Match no 27  

Download and follow  to win Rs 50 PayTM Cash Per Match

Associate sponsor-",France,positive,46.603354,1.8883335
"-
Today 
28-April-2018  
Tour Match,
 
At Cantebury 
3pm
 
 
At Pune
7:30pm
*
F  Send 40404",Hyderabad,negative,17.3886068,78.4608095675926
"  Today at
8:00 PM
CSK vs MI at Pune
27th Match, Indian Premier League, 2018      ","Mumbia, India",negative,NA,NA
"   just got more interesting with  joining the  
. 
 ","Uttar Pradesh, India",positive,27.1303344,80.859666
High Voltage match:                      ,"Muzaffarpur, Bihar",negative,26.166667,85.416667
"  Log on to  &amp; win 10,000 every match
 vs 
   ",UN,positive,42.80009565,-1.65810467929369
" who will win Tonight's Blockbuster ?? Is there any changes required in MI Playing 11
  ",Pune,positive,18.5203062,73.8543185
"Very well, captain.  hammers at his very first venture as a skipper. That was just a mere outburst from him...!!!   

Emotional scene:  biting nails in the dugout.

 ",Somewhere in the Oblate Sphere,positive,NA,NA
One of d best  innings just saw from a stylish batter  take a bow.. It's  n  what a talented young lad..   n all d best.. bring more win..    ,"Bhubaneswar, Odisha, India",positive,20.2603328,85.8393432
"The new captain wasnt really in gambhirs shoes
Special knock!   ",Sri Lanka,positive,7.878,80.7038245875
  U beauty  u always  mine captain maahi  bhai legend and  bhai top knock god bless you  ,"Solapur, India",positive,17.6715272,75.8975502
 this is how we are missing you come back soon.. it's a long time to go but your fans and prayers and support are Always with you       ,"à¤•à¥‹à¤²à¤•à¤¾à¤¤à¤¾, à¤­à¤¾à¤°à¤¤",positive,NA,NA
"It was future of Indian cricket on display. Prithvi Shaw, Shreyas Iyer, Avesh Khan and Subhman Gill. Very talented youngsters. Future is in safe hands. 
  ","Bharuch, India",positive,21.7080427,72.9956936
"Shreyas Iyer played a great inning as batsman. 

How would you rate his first inning as captain? 

        ",Gurgaon,positive,28.48895715,77.0107837846576
 looked in old good form.  ,New Delhi India,positive,28.6141793,77.2022662
"  
Best part of the  is hearing three legends Bumble, Sunny &amp; Haydos having a repartee  together about the great game..
Joy to my ears..","Bolpur,India",positive,23.661154,87.6962424
Is Andre Russell a lock or a cricket player?   ,South Africa,negative,-28.8166236,24.991639
Two massive sixes from Andre Russell and this game ain't over as yet.  need 116 runs from the last 8 overs   ,"Nanminda,Calicut,Kerala,India",negative,NA,NA
"Very impressive batting of young   He needs to play more like this.
  ","Bhubaneshwar, India",positive,20.26912755,85.8458772774523
  A 19 year old and a 23 year old captain come kicking full steam to give a struggling  to a massive 219 aga,Shivaay ki dil mae ,negative,NA,NA
"Shreyas has played one of the best inning of ipl!!!!!
what a man he is!!!!!
brilliant young man!!!!
  
","à¤�à¥�à¤®à¥�à¤•à¤¾, à¤‡à¤Ÿà¤¹à¤°à¥€",positive,NA,NA
What a man  93 from just 40   ,"Bhavnagar, Gujarat",negative,21.7718836,72.1416449
"I'm confused  
I'm watching highlights or live match 
 Day!!
 
 
",Bangalore India,negative,12.9791198,77.5912997
"Being a captain, a different  today. What a blast today! Entertaining 
     ","Bihar, India",positive,25.6440845,85.906508
"   
 
STILL ONLINE 
LIKE &amp; RETWEET 
        ","à¤•à¤¾à¤•à¥€à¤¨à¤¾à¤¡à¤¼à¤¾, à¤­à¤¾à¤°à¤¤",positive,NA,NA
"""Prithvi Shaw Bowled Piyush Chawla""..
Hmm.. looks like some tongue twister huh ? 
         ","Dharwad, India",positive,15.4540505,75.0066516
Its a treat to watch young  playing so well   ,"London, England",positive,51.5073219,-0.1276474
What a shot young Prithvi Shaw..  must be proud of it.  ,"Hyderabad, Andhra Pradesh",positive,16.141236,79.7588424
"Bang Bang!!!
The dangerous looking
 is out of the park.
Little bit of inside edge and banged on stumps, had to leave the ground.
bowled by teenager 
 
","Biratnagar,Morang,Nepal ",negative,26.4623007,87.281617
" Prithvi Shaw, Rishabh Pant, Dinesh Karthik, Piyush Chawla, Kuldeep Yadav, Shubman Gill, Avesh Khan, Robin Uthappa
These all has played in U-19 World Cup for India    ","Mumbai, Maharashtra ",positive,19.1334321,72.8882172
"Todays scenario 

    ","chennai,india.",negative,13.0801721,80.2838331
  Enjoying Kent Cricket Live with   and Mr.   So much fun to listen to these greats of th,Nepal Jhapa ,positive,26.5837354,87.8857010331473
Change in captaincy is bringing changes in fortunes of  . They are now 31/0 in 3 overs against     ,"Karachi,Pakistan",negative,25.147872,67.1821931713384
"Who is more useful??   
 

   ",God's Own Country ðŸŒ´,positive,NA,NA
"Lets see how we go about our second guess in  

Delhi Daredevils  to win against Kolkata Knight Riders  in Match 26 of  

  

Good Luck! 

Please Gamble Responsibly ","Melbourne, Victoria",positive,-37.8142176,144.9631608
Just visited the largest  museum in the world  . An extraordinary collection assembled by the irrepressible  .Wish I was staying for   ,Bath. UK,positive,51.3813864,-2.3596963
"  If three of you were given a choice to join any of the IPL teams, which team would you chose and why?  ",Obalapur,positive,NA,NA
"Virat kohli can not take Revenge From Pakistan 
       ","à¤¨à¤ˆ à¤¦à¤¿à¤²à¥�à¤²à¥€, à¤­à¤¾à¤°à¤¤",positive,NA,NA
"Mohammad Amir wants to become the best bowler of World Cup 2019
       
",World,positive,35.8376958,128.5575166
"  Who will win tonight ??

  
 ","Guntur, India",positive,16.2915189,80.4541588
"Thanks  for the real analysis on Afghan bowling sensation  in    
     ",Afghanistan,positive,33.7680065,66.2385139
 fantastic season of ,"à¤…à¤²à¥�à¤®à¥‹à¤¡à¤¼à¤¾, à¤­à¤¾à¤°à¤¤",positive,NA,NA
 All The Best for Today. May the start of success begins today.     ,GOA INDIA.,positive,15.3004543,74.0855134
"goutam ghambhir steps down as captain of DD. 
Shreyas Iyer will be taking over the reigns as captain!
Is this the right decision????
   
   ",Kolkata,negative,22.5677459,88.3476023
   68 run just 30 balls vs CSK in  6th March       ,Bahrain,negative,35.2078012,72.5473968
"hand written notes ready   
Encourage me by retweet

                      ",football is my first loveðŸ˜�,positive,NA,NA
  Just how good is the bowling attack of  Not to forget that  has not been playing lately. Being from the s,"Meerut, India",negative,28.9963296,77.7061915
"Sandeep Sharma has nothing but praise for  captain Kane Williamson  

","Dubai/Abu Dhabi, UAE",negative,24.8951033,55.0711597
  First week round-off of  in a single picture starring the best anchor in world  ma'am  ,"Guwahati, India",positive,26.1805978,91.753943
  Let's see will the daredevils can be back to winning ways of the Knight will once again upset the daredevils,"Khopoli,Maharashtra,India",positive,18.787747,73.3438185
"Did You Know? 
 and  played five matches together for  and  won all of them.



",Jalalabad/Afghanistan,positive,34.430195,70.460128
"Whats do you think guys, who can replace  todays match



 
 



 
 

  ","Maharashtra, India",negative,19.531932,76.0554568
"  Loved every moment of  of  And when this man entered at last ,my heart was filled with happiness","Yavatmal, Maharashtra",positive,20.15,78.35
" Today Kolkata Knight riders will win  
 
 ","Patna, India",positive,25.6093239,85.1235252
"  A great match, big smiles and loud cheers, it seems like  and  have won the cricket lottery.

","Sydney, New South Wales",positive,-33.8548157,151.2164539
" 
 
",#____INDIA____INDIA___INDIA___,negative,NA,NA
"  New besties in the house? 

            ","Chennai, Tamil Nadu",negative,13.0801721,80.2838331
" I am a big fan of  and your IPL team  I love you and your team .
But  was unable to win  trophy I am a little sad and even tensed about the form of  in   IS  is able to win the trophy this time . Don't know?","Anupshahr, India",positive,28.3573482,78.2678725
  Almost!!!...the old boy can still rock...even with a stiff back! Reeling in the years by  last night  ,SÎ±â„“Ð¼Î±n ErÎ± âœ°,negative,NA,NA
"Great footage of  getting it done at training What a pure swing!
      ",Australia,positive,-24.7761086,134.755
"On one side we can see teams finding it difficult to defend big scores,on the other hand there is a team defending low scores. T20 a batsman's game???? This is the beauty of the ipl   ",Shoranur,positive,10.7637196,76.272355
" 
Incredible captaincy from kane williamson... incredible team performance...  on top...     ",pune maharastra india,negative,18.5203062,73.8543185
"Rahul dravid nominated for dronacharya award

I'm waiting for the day   getting nominated for PM post! Country will vote for him blindly! You can then call me blind bhakt! 

    ","India, Moodbidri & Bangalore",positive,NA,NA
"  Incredible performance  .
I think Kane Williamson will declare the innings after scoring 100 from the next","Rajasthan, India",negative,26.8105777,73.7684549
"         Mumbai's target 119 chased by  so now whether  target 132 will be chased by  against  NXT match..if so, how funny it will be .....wait &amp; see ",back of u ..see once,positive,NA,NA
"   

Sehwag to  players after the match: ","Kharagpur,W.B.",negative,NA,NA
" sir..i am die hard fan Of Yours..please complete my wish Sir. I want one SRH jersey &amp; on That Your autograph. please complete my wish Sir
 please pass this message to Gabbar Sir.
      ",Hyderabad ,positive,17.3886068,78.4608095675926
"What a game

 of low scoring thrillers

Brilliantly led by  &amp; most importantly  is a triumph card for them

 ",Kakinada / Hyderabad,positive,NA,NA
"Incredible performance  .
I think Kane Williamson will declare the innings after scoring 100 from the next match....
  
 
","Hyderabad , India",negative,17.3886068,78.4608095675926
" are like that kid who messes up Physics, Chemistry and still cracks IITJEE by rocking the Mathematics paper.    #",INDORE,positive,22.7203851,75.8682103
Amazing silly point  . - very very special laxmangarh. Laxman sir in the role of thakur &amp;  in the role of gabbar. Truly mza aa gya .   ,"indore ,india",positive,22.7203851,75.8682103
Wt a match great job    ,Jammu,positive,32.7185614,74.8580917
Back to back low scoring defend  best bowling unit in       wow captaincy williemson   ,Burdubai UAE,positive,25.2584994,55.2924384
"I think  has the best bowling lineup in the 
They have done it again.
 ","Jaipur Rajasthan, India",positive,26.916194,75.820349
"Accidental Captain belting out stunning wins !! 
Clinical performance!
Top 3 decided already ?? 
 ","Kalyani, India",positive,22.9749723,88.4345915
"POINTS TABLE    !!!

   
   

     !!! ",à´¹àµˆà´±àµ‡à´žàµ�à´šà´¿à´¨àµ�à´±àµ† à´•à´µà´¾à´Ÿà´‚ KL 44,negative,NA,NA
"Its not like SRH win it , it's like KXIP lost it. 
Nd seriously aswin in team as a captain , bhai bande ko hatake 10 players se hi khel lo..
 ",Chakerpur Khatima,negative,NA,NA
"
IPL Beauty ","Punjab, Pakistan",positive,31.0,72.0
"Kane williamson..... is the best captain so far. In  thought  will find it difficult without warner &amp; every1 wanted an indian captain, but he has come out of all those to take  to the position they are enjoying now Credits to the bowlers
",coimbatore,positive,11.0018115,76.9628425
" 

Sehwag to  players after the match: ","Kharagpur, India",negative,22.34309,87.3012875
So Happy we defended the Low Score    ,"Hyderabad,Telangana",positive,17.3886068,78.4608095675926
Wow    bowling line-up      ,sambalpur,positive,21.4,83.883333
What a victory for  another low total defended  ,"Karachi, Pakistan",negative,25.147872,67.1821931713384
"Just how good is the bowling attack of  Not to forget that  has not been playing lately. Being from the same fraternity, always a proud feeling to see bowlers winning matches for their teams especially defending small totals.   ","Kolhapur, India",positive,16.7028412,74.2405329
Haaha Namade batch should watch and to know how to  defend           ,hyderabad,negative,17.3886068,78.4608095675926
-  team is more like  team dont do much with bat but win matches coz of their superb bowling ,Lahore,positive,31.5195822,74.326297
"  Fans are like: How much should a team score to win in an IPL match
 like: Anything above 200, still not enough...",Jeddah Saudi Arabia ,positive,21.5822247,39.1640396
"It's a crazy collapse of   is skating.
 ","Peshawar, Pakistan",negative,34.0123846,71.5787458
Wow just wow    ,"Sheffield, England",positive,53.3806626,-1.4702278
"  Kings XI collapsing in Hyderabad

77/3
82/4
88/5
92/6

A low score thriller is in the offing.

   ","Telangana, India",negative,17.8495919,79.1151663
" 11.15 pm officially said 
Thrilling movement of ","à¤­à¤¿à¤²à¤¾à¤ˆ, à¤­à¤¾à¤°à¤¤",positive,NA,NA
Rashid Khan.simply amazing talent  ,"Auckland, New Zealand",positive,-36.8534665,174.7655514
"Time to get in  in place of  for  ?
  ","Lucknow, India",negative,26.7502294,80.9999263
"Admit It.. Is The Only Team In  Which Has Best Bowling Line Up Than Any Other Teams And Whose Bowlers Are Capable To Take Responsibility To Win Matches In Their Shoulders.       
What say ","Allahabad, India",positive,25.2859603,81.896732069544
"   'StarPlus' 

You can only expect a perfect seflie with  

.
",Saint Pierre,positive,-21.341298,55.4776174
Need to start this season at least now    ,"Vemsur,Telangana",negative,NA,NA
"
4-5 dropped chances for manish pandey and still score is just 132...
 
",gurgaon,positive,28.48895715,77.0107837846576
 I guess the answer is wasim jaffer    ,"London, Ontario",negative,42.988576,-81.246643
Congrats  for the first 5 wicket haul in this   ,"pondicherry , india ",positive,11.9340568,79.8306447
"Take a bow, Ankit Rajpoot!
The  pacer bags the 1st five-wicket haul of 
  ",World Wide Web,negative,NA,NA
Waiting for strom today   # gayle gayle strom,Chennai | Hyderabad,negative,17.4333023,78.446643
"Is cricket really being played today?. The way umpires being attentive, shakib attitude, and tiwary bowling, and others taking catches.  Poor quality in ",vizag&paderu.India,negative,NA,NA
"  How can we let our  leave without a hamper, right? 
   ","Mumbai, India _ bharat",negative,18.95806,72.8252896
What a game it is a caught drop and then out on a no ball      ,"Indore, India",negative,22.7203851,75.8682103
" bat and square cut with the ball - never ending love story 


","Nallakunta, Hyderabad",negative,17.3975005,78.50557
Its an insane and stupid idea to shove a microphone in to a live fielder and talking to that guy ! Just my feeling.. ,Time,negative,58.70742255,5.75122218341093
God! Has it been 24 hrs already? So  Finchy still there but needs some runs really  while on  Hales misses out AGAIN &amp; even CJ is benched    comms muted got a rap soundtrack on today ,ä¸­å¤®ã�®å·¦å�´,negative,NA,NA
 have good record against     ,"muscat,oman",positive,23.5125498,58.55137343736
" Heres Entry With       In    
 ","Bhubaneswar,India",negative,20.2603328,85.8393432
 big conation  7    ,"Rosera, India",negative,NA,NA
CSK facts....    ,Seychelles,negative,25.2244645,55.1828800434721
"  Who will WIN tonight ??
     ", Ahemadabad,positive,22.6966567,75.7861511
"
 maybe SRH today after watching  and  ","Hospet, India",negative,15.266079,76.3870527
"What's your take on Kohli's captaincy last night?
Right from the selection of playing xi to the use of bowlers in the second innings.
Would be delighted knowing your precious view.
 
 

 
 
 
","Bhopal,India",positive,23.2530923,77.3962718
Creativity is always gift of nature. Perception explains eternal behavour  of a person.     ,Anantnag J&K,positive,NA,NA
Thala is back and great finish  ,"Srivilliputhur, India",positive,9.5801104,77.9533295
" has got Choudhary &amp; Tim Southee ,still they mourn abt not having an efficient bowling lineup especially for death overs.are these 2 injured or what?? Come on ppl its getting frustratingly crucial.  ",INDIA,negative,22.3511148,78.6677428
     What a match   vs      u r Big!!!   hitter  u r Big!!!   Big!!!  Finisher..... Good Work   Keep it Up!...  ,Midalakadu,positive,NA,NA
  We got more excited not abt only winning the match but the king dhoni who was the sole reason and his winning shot( the f,Navi dilli,negative,NA,NA
" in this IPL's highest run scorer list there are SIX indian batsmen in top 15 who are wk-batsmen 
1.)Rayudu
2.)Samson
3.)Rahul
4.)Pant
5.)Dhoni
6.)Karthik .
Your thoughts on that . 
 ","Rajkot, India",positive,22.3045769,70.802161
"   beat  by 5 wickets 

     ",Trichegode,negative,NA,NA
  Yo the best team ..         ,secunderabad,positive,17.4690889,78.5059176
"Why Bengali actor  got emotional on  for  ?            films   

 ",Mumbai/ India,positive,19.1334321,72.8882172
 great job Akash game plan Chopra,Solapur,positive,17.6715272,75.8975502
"Who will win today
                ","Madhepura, India",positive,25.9174142,86.7915907
" :-i'm so happy to  win,  , but i want to know till last night from  why not bowl  .still shocked  ??   ",Jodhpur,positive,26.2967719,73.0351433
"  If you would have a message for  what would that be? 

     ",Natus Ad Majora,negative,NA,NA
" Match No 25
 vs  
Williamson Vs Ashwin... 
.
8.00PM, In Hydrabad... 

All The Best... 

 ",HotelDelight RoomNo.205 Mumbai,negative,NA,NA
"  let's  and   Match Between            
Download app  ",On The Play Store for FREE,negative,NA,NA
  Last leg of the day.. And its a wrap!TEAM  in association with  ,"Dhaka, Bangladesh",negative,23.7593572,90.3788136
"   became more hard for  &amp;  than expected
","Hawaii, USA",negative,21.2160437,-157.975203
it was great to see  leave the wide balls yesterday. anyone else would have chased it. I believe that made all the difference!!     ,Toronto,positive,43.653963,-79.387207
"Most Highest Live View In  In  Because Mahi Mar Raha Tha
   ","Surat ,Gujarat ",negative,21.1864607,72.8081281
"  Supperrbbb finished by MSD 

i m missing live ipl match in my state Gujarat..
Hope to watch....
 
 
","à¤—à¥�à¤œà¤°à¤¾à¤¤, à¤­à¤¾à¤°à¤¤",positive,NA,NA
 Sir Are You Watching Daily In ,"Gujarat, India",negative,23.1923325,71.9329241
"He STILL has IT 
He is  IT  

  
     ","Abu Dhabi, United Arab Emirates",negative,23.99764435,53.6439097569213
"  Your captaincy is the reason I still watch  Please don't break my heart. 
You were and always shall be a  for me.
Love you  ","Jaysingpur,Kolhapur",positive,16.7789886,74.5564244
"Don't know why Tim Southee is not getting a match for   . There playing 11 should be ----
M Vohra
Q Dekock*
V Kohli
AB Devilliers*
M Singh
W Sundar
C Woakes*
T Southee*
U Yadav
M Siraj
Y Chahal
  ",Cricket Ka Maidan,positive,NA,NA
  Even 206 is not enough for  bowlers.  ,"Srinagar, India",negative,34.0747444,74.8204443
" 'StarPlus' 

  and  cant stop cheering for their favourite teams!  
.
     


  ",Malaysia,negative,2.3923759,112.8471939
Awesome game!! Captain Cool MS Dhoni    ,"Ceres, Western Cape",positive,-33.368333,19.309167
"No words!  We r really going to miss you terribly once you quit.
 
There won't be another  ever!
Cherishing all of you!       ", VARANASI,negative,25.3356491,83.0076292
" who's the best power hitter  , ","Kosi Kalan, India",positive,NA,NA
World class innings from  brilliant knock                         ,"Kolkata,India",positive,22.5677459,88.3476023
Voice of victory   ,"Kannur,kerala, INDIA",negative,11.8762254,75.3738043
  Great to see 2 Punjabi bowlers   at top 2 position for Purple cap at almost mid way in tournament ,"Toronto and Chandigarh, India ",positive,NA,NA
 It doesn't matter what the other said about your lose  but we will always be there with Rohit  and with you paltan. We know at last paltan will hit all the way with a strong comeback       ,Bhopal ,positive,23.2530923,77.3962718
"  Dhoni finishes off in style, yet again! 

   

   ",Singapore,negative,1.2904753,103.8520359
" poor bowling by RCB yesterday
My next match squad for RCB
de cock
Baz
VK
Mr.360
Mandi
Sundar
Southee
Yadev
Siraj
chahal
Kulwant.
   ","Thanjavur, India",negative,10.7860267,79.1381497
"Mumbai Indians' strategy at the moment - lets play no more games, let RCB and DD lose all their remaining ones, we still finish 6th - respectable! ","KL, Malaysia",positive,3.1546872,101.7136362
"     WINNING Post Telegram Channel

            
   ",t.me/halaplayteam,positive,NA,NA
comfortable win for the legendary  Good partnership carries  throughout the game!!! After seeing  Storm.. did  put up a best score against      ,"Secunderabad, Hyderabad",positive,17.4690889,78.5059176
"  Legend  doesn't need Aadhaar card, he can just ""Swing it like Dhoni"" to prove his identity. 

 ",warangal,positive,17.9899747,79.6043994
"  Any tweet done on  gets you satisfied....
After all he is the  top most finisher in the world of cricket","Hardoi, India",positive,27.4164715,80.2473372
"Dear  
Please provide Pressure Tablet for fans and Audience..  

 ","Aruppukottai,Tamilnadu",positive,9.5801104,77.9533295
" Dhoni!!!! U beauty....I hate him really...he didnt show his nerves neither he celebrates..I m sitting on the edge n jumping up n down but the Cool MSD
Still the best finisher of the game       ",Qatar,positive,25.22803095,55.17332793087
This csk win reminded me of our 2011 World Cup final. This time its  who gets over shadowed by    ,Aamchi Mumbai,positive,NA,NA
What a magnificent inning by msd  mar rha tha....    ,SATNA ,positive,24.5,81.0
Incrideble.. the vintage   grt knock.   .., Puri odisha,negative,19.8076083,85.8252538
 you beauty what a player  falling short  of words !!  ,"Dubai , United Arab Emirates ",positive,25.0750095,55.1887608818332
33sixes were hit yesterday in   match in   it's a highest sixes record  in       ,"Haldia, India",negative,22.028124,88.0632655
"Masterclass from   taking   to a huge win against  in the  , this win means a lot for many reasons       ","India , UAE",positive,25.23117105,55.1797133848003
"   special !special !special! 

Ice wins the fire ! 
Cool wins the aggression!
Guru won the student!
Seniors won",Pitcairn Islands,positive,-25.0657719,-130.1017823
  I am big fan of  I don't know what happened for  thank you  for your new chapter  want to learn more     ,"Dubai, United Arab Emirates",positive,25.0750095,55.1887608818332
"  Winning moments
What a game to watch
          ",Tamil nadu,positive,10.9094334,78.3665347
Awesome innings by   vintage Dhoni  ,"bhavnagar,Gujarat, India",positive,21.7718836,72.1416449
"1st &amp; 2nd Position. Best V's Best ( AB v's AB )
 
 
 ",NEW-DELHI,positive,28.6141793,77.2022662
Yes please don't blame her she is not playing for     ,varun ki kheyalo mai ,positive,NA,NA
"His power-packed  performance   made  beat such a  big score.  &amp;  awards gets in  
After a long time..  ",Khammam,positive,17.2465351,80.1500326
True Infinite possibilities by Time travellers of last minute thrillers!salute to Captain Mr Dhoni Wow!Cheers To Mr Bravo Respect and admiration for awesome    and we here are all so Happy to have witnessed Magical dream matches  Love! ,Lives in Madras/Bangalore/IN,positive,NA,NA
"  Yesterday it was a bowler's  game today it was a batsmen's game 
   ","Nellore, India",negative,14.4493717,79.9873763
    We are excited to see you in form sir    ,"Nanded, India",positive,18.916667,77.5
"  A chance for  to remind the world that he is still the best finisher in the world,what a hit!   ",Ceylon,positive,41.3717152,-82.493781
"  "" finishes it off in style"" - Quite used to this sentence now!  
Vintage knock by  again!! 

 "," NH 17 Mangalore, Karnataka",positive,15.9231076,75.7622963
  Who says CSK is the senior citizen's league? Wonderful nail biting match! Magnificent innings by  and ,Gusse me,positive,NA,NA
"These matches of  always makes me feel any person can do the impossible especially the  matches and when  is there everything becomes possible 

",ReignsNikki Luv World in India,negative,NA,NA
" in IPL 2018 (so far):-
Matches: 6
Runs :- 209
6s :- 14
50s :- 2
Avg:- 69.7
SR :- 165.8
HS :- 79*
This has been mahis best IPL with the bat so far!
     ","Tirupati, India",positive,13.6316368,79.4231711
You just have to take your hat off to  and let them join IPL in May every year from now!  ,"Denver, CO",positive,39.7391536,-104.9847034
"Match No 23: MI vs SRH. SRH defended 118 runs. Venue: Wankhade
Match No 24: RCB vs CSK. RCB couldn't defend 205. Venue: Chinnaswamy.

Irony!  vs     ",221B Baker Street,negative,47.3196361,5.0354949
" special !special !special! 

Ice wins the fire ! 
Cool wins the aggression!
Guru won the student!
Seniors won the juniors!
Mahi wins the trolls!
CSK wins the hearts!

Hope RPS Goenka is seeing this.

     ","Getting Used to Mumbai,",positive,NA,NA
The best finisher   ,"Vadodara, Gujarat",positive,22.297076,73.1957373
"What a chase ! Great innings ! Mahi maar rha h  rocks!!! And wonderful   
 
 ",Jaipur,positive,26.916194,75.820349
And likewise this  match is the Most tweeted Match of  With around 94k tweets ,"Birgunj,Nepal",negative,27.012541,84.877998
A perfect projection of agression v/s calmness in  match of    There are many situation in life where U need to be agressive like  to motivate yourself &amp; get going while sometimes U need to be calm like  &amp; sail through &amp; win,Ahmedabad,positive,23.0216238,72.5797068
" beat  by 5 wickets 

         ","Port Blair, India",negative,11.6645348,92.7390448
  RCB needs a new skipper to score good in   because  don't have common swnse. I mean who gives the last important deciding over to a so called bowler who's already 45 in just 3 overs.  lack of common sense.,"Bikaner,Rajasthan",positive,28.166667,73.166667
