Funny,Angry,Surprise
humorous,irate,scream
strange,indignant,belly laugh
mirthful,furious,howler
curious,outraged,riot
fishy,angered,sidesplitter
suspicious,Huffy,thigh-slapper
rummy,maddened,awesome
hilarious,irascible,oooh
cute,tempestuous,ooh
fun,choleric,amazing
droll,sore,impress
quirky,smoldering,whoa
hoot,aggravated,gosh
laughing,wild,Hey
enjoyable,ireful,fantastic
gag,wrothful,awe
amused,frustrated,yeah
laughter,irritated,really
Jolly,disgusted,Aww
heck,upset,nice
joker,anger,jeez
kind,dissatisfied,incredible
scream,shocked,whoo
priceless,unruly,unbelievable
uncanny,defiant,holla
entertainer,outrage,Gee
apparently,hate,zowie
sacred,infuriating,whew
spiritual,jumpy,yay
funny-looking,crazy,ouch
goofy,rage,yikes
stupid,galling,great
lighthearted,heated,damn
heartwarming,fiery,terrific
slapstick,annoying,cool
likable,aggressive,pow
snarky,stinging,Gomez
charming,hatred,yes
pretentious,excited,goddamn
annoying,rough,brilliant
sappy,Ired,impressive
Campy,cross,Bravo
bitchy,impatient,hello
deadpan,distraught,okay
obnoxious,anxious,ow
unoffensive,rude,neat
catchy,spiteful,sexy
rude,antsy,Jesus
nerdy,panicky,Woo
cutesy,vehement,howdy
snide,vengeful,alas
laughsome,hateful,God
funny paper,iracund,clare
laugh at,peeved,whoosh
sight gag,furial,super
laugh down,perplexed,swell
stultiloquence,despondent,sweet
socratic irony,discontented,beast
quipper,uneasy,meow
Merry Andrew,bitter,Wah
jestful,apologetic,Michigan
aleger,heartbroken,rel
absurd,unsympathetic,Ben
tristful,wrathy,woof
damn,wrawness,hat
thing,muggard,thanks
way,distrustful,bow
anything,perturbed,Marshall
name,aggrieved,wahoo
bone,sympathetic,cor
papers,bemused,barking
noises,antagonistic,well
smile,dejected,cale
accent,testy,Holy
incident,paranoid,strewth
sounds,infuriate,ruff
kid,crabby,boy
scenes,shirty,man
nose,intemperate,jitter
lot,argumentative,fluctuating
creatures,unneighborly,fluctuation
inside,bestraught,ohh
grin,overemotional,phwoar
guys,earful,Qow
habit,insensitive,uh-oh
cartoons,outspoken,waow
trick,ambivalent,wau
cartoon,apprehensive,woah
tonight,disdainful,dazzle
sketches,uncivil,Aah
caps,carnaptious,braggy
skits,annoyous,Woohoo
commercials,unrepentant,Purdy
bunny,ashamed,lol
gags,maniaphobia,uhh
nicknames,Holy Mother,haha
ads,short temper,Plotz
walking,warence,heck
dude,forstraught,Halle
moustache,bullirag,Bieber
monologue,immorigerous,huh
nobody,Churly,Hott
find,hue and cry,Hrm
smells,madbrain,meh
strike,dismayful,pfft
talks,tiffish,hmph
acts,boistous,Eww
breathing,brutely,kickass
goin,stomachy,umph
really,affear,pshaw
think,vengeable,jonas
seemed,huffish,kinda
thinking,chiack,geez
happen,unrude,Umm
remarked,emboil,raving
works,mumpish,fantabulous
liked,perturbable,dang
forgot,rant,ugh
bother,unpleasant person,srsly
exaggerate,addlebrained,cringe
Goodall,querimony,hmm
why,affrontive,Shutup
merry,got,Jared
agio,grew,Jay Leno
amusant,feeling,nope
are,sounded,kewl
astaire,disappointed,Nicki
belly laugh,gotten,tonite
boner,surprised,mmmm
can,sounding,mazing
chase,flushed,blah
clerihew,bed,Kate Hudson
cos,humiliated,Becky
cutup,stunned,Sagal
different,bored,Sheesh
dreadful,alarmed,eeee
elbow,betrayed,goosebumps
entertainment,amazed,lordy
Fanny,astonished,Madd
funnily enough,insulted,squee
Gracie,baffled,gaga
haha,relieved,Hhh
hobbes,cheated,Blech
howler,terrified,lmfao
hunch,dismayed,likin
indiscriminate,flustered,luvs
irony,devastated,boohoo
jest,pained,Mutch
jocose,saddened,yup
Karl,shamed,Shazam
kinda,thwarted,Chloe
knockout,disheartened,Shakira
levity,stormed,Trekkie
Lisa,ruffled,marvel
Lou,grieving,rotflmao
Marty,spitting,Fantastico
mug,feelings,Perez
Nye,voice,Ewww
olecranon,eyes,Selena
outtake,face,goosebump
pantaloon,voices,Mcgee
pun,God,laugh
puzzling,response,crap
ray,mood,duh
rib,letters,anyways
riotous,outburst,Cmon
sales,father,Loverly
scrofulous,sea,thats
shtick,protests,Omg
sketchy,mobs,fool
somewhat,crowds,Wtf
strangely enough,waves,thrill
taint,mother,apeshit
thigh-slapper,bees,phew
trickery,retort,Okie
wags,glare,suprise
wits,looks,Hehe
astonishingly,roar,ahh
illustrator,silence,gorblimey
ironically,tones,yep
panel,husband,hah
remarkably,red,amaze
boisterously,flush,owch
easy,frustration,heh
gentle,cat,mirific
little,farmers,hmmm
proper,scowl,yah
tar,spirits,amazeful
,shout,dude
,king,ferly
,growl,whoop
,glances,damnit
,resentment,yecch
,accusations,alright
,lion,argh
,gestures,grrr
,impatience,dammit
,residents,oops
,contempt,bedamn
,call,speechless
,threats,laughsome
,rhetoric,laughworthy
,whisper,dunno
,laugh,ooo
,defiance,honestly
,passion,freak
,clients,sorry
,countenance,darn
,villagers,hilarious
,impulses,yea
,inside,agazed
,snarl,bewonder
,ghost,shit
,dispute,funny
,aggression,begorra
,despair,awhape
,dogs,nah
,goddess,surprisement
,deity,hoo
,fists,whee
,protesters,mirable
,surprise,crazy
,wasps,yippee
,debates,glad
,voters,yuck
,warriors,cute
,snake,said
,recriminations,thought
,moods,say
,noises,held
,flames,think
,indignation,look
,murmurs,saying
,temper,mean
,snort,says
,bee,thinking
,curses,buy
,welts,love
,suspicion,sounds
,shake,exclaimed
,scar,now
,giant,generally
,grunt,annual
,outcry,big
,denials,double
,flood,little
,exclamations,long
,retaliation,flutter
,accusation,cats
,bark,pursuit
,husbands,Johnson
,stares,rants
,torrent,audience
,editorials,crowd
,swarm,friends
,retorts,guests
,captain,customers
,queen,people
,amazement,mother
,strikers,audiences
,snap,world
,rejoinder,going
,growls,just
,slits,astonishing
,wasp,Dina
,rush,excellent
,bellow,feat
,condemnation,floor
,colonists,slay
,adolescent,stun
,rebuttal,that
,remonstrance,then
,boss,this
,grimace,what
,sparks,astonish
,bulls,banal
,passengers,cosmic
,dragon,digital
,backlash,drab
,yells,exclamation
,insistence,far
,neighbor,interjection
,again,momma
,suddenly,pooch
,really,rap
,now,rapper
,not,react
,are,shine
,kept,unreal
,sad,watch
,reason,agog
,earlier,amazed
,people,astonished
,men,awed
,failure,awes
,everybody,dazzled
,way,sent
,hell,apriori
,turned,balinese
,began,bang
,with,barbecue
,decided,bash
,threw,bonfire
,ran,bounce
,ordered,brechtian
,pushed,bump
,demanded,celebration
,lashed,ceremony
,struck,chorus
,kicked,concert
,rushed,feast
,after,folksy
,aggro,game
,boil,goodbye
,dander,goofy
,freak,hest
,fumes,humane
,ranter,hunt
,riled,intellectualized
,ropable,jazz
,steam,lascivious
,abuse,merriest
,bristle,old
,chide,outing
,clashing,picnic
,disputing,powwow
,dust,prayer
,flare,selfsame
,glower,sentimental
,mutter,sitting
,rate,sweetest
,seethe,Tahitian
,spit,telling
,wrangle,thanksgiving
,Ab Irato,toast
,acrid,traditional
,animus,weirdest
